<?xml version="1.0" encoding="UTF-8"?>
<window>
	<defaultcontrol always="true">50</defaultcontrol>
	<backgroundcolor>background</backgroundcolor>
	<views>50,51,52,53,54,55,500,501,502</views>
	<menucontrol>9000</menucontrol>
<!-- 	1.48 MyVideoNav.xml
ID 	Type 				Description
2 	button 				Select viewtype (list, thumbnail, media info, etc...)
3 	button 				Select sort method (sort by: name, date size, etc...)
4 	togglebutton 		Select sortmode (ascending or descending)
5 	button 				Switch to file mode
6 	button 				Play DVD (used the play physical DVD discs)
8 	button 				Search for a string anywhere in the Kodi video database
10 	button 				Show only watched, unwatched or all videos
12 	label 				Number of items in the list
14 	button 				Show only unwatched or all videos
11 	button 				Unlock shares
15 	label 				Filter label
16 	button 				Start party mode (randomly play musicvideos from your collection)
18 	label 				Warning to the user to turn off library mode when no scanned media is found
19 	radiobutton / edit 	Filter the media files to only show items that include the specified string in the name
20 	button 				Update library  -->
</window>
